{"is_source_file": false, "format": "", "description": "", "external_files": [], "external_methods": [], "published": [], "classes": [], "methods": [], "calls": [], "search-terms": [], "state": 2, "file_id": 8, "knowledge_revision": 13, "git_revision": "c9156fa7145010e781a3189db6d4eb73a9e9131f", "hash": "36ff072ab29ec70145c625750de9886c", "format-version": 4, "code-base-name": "task_scheduler_database", "filename": "README.md", "revision_history": [{"13": "c9156fa7145010e781a3189db6d4eb73a9e9131f"}]}