{"is_source_file": true, "format": "bash script", "description": "A comprehensive PostgreSQL startup and setup script that initializes the database, starts the server if not running, configures user permissions, and saves connection information.", "external_files": ["/usr/lib/postgresql/${PG_VERSION}/bin/pg_isready", "/usr/lib/postgresql/${PG_VERSION}/bin/psql", "/usr/lib/postgresql/${PG_VERSION}/bin/initdb", "/usr/lib/postgresql/${PG_VERSION}/bin/postgres", "/usr/lib/postgresql/${PG_VERSION}/bin/createdb"], "external_methods": ["ls", "head", "pgrep", "sleep", "cat", "sudo -u postgres", "psql -c '\\q'", "psql -d", "ping", "if [ -f ... ]", "if [ ! -f ... ]", "exit"], "published": [], "classes": [], "methods": [], "calls": ["ls /usr/lib/postgresql/", "sudo -u postgres ${PG_BIN}/pg_isready", "sudo -u postgres ${PG_BIN}/psql", "sudo -u postgres ${PG_BIN}/initdb", "sudo -u postgres ${PG_BIN}/postgres", "sudo -u postgres ${PG_BIN}/createdb", "psql -c '\\q'", "psql -d", "sleep", "cat", "pgrep -f 'postgres.*-p ${DB_PORT}'"], "search-terms": ["startup.sh", "PostgreSQL setup script", "database initialization", "database permissions script", "pg_isready", "psql", "initdb", "postgres"], "state": 2, "file_id": 7, "knowledge_revision": 15, "git_revision": "c8a60dc2040085f136edc210d09f7a77b3a6f937", "hash": "fa2aa67ea0a7c72f7c0958282f15a864", "format-version": 4, "code-base-name": "task_scheduler_database", "filename": "task_scheduler_database/startup.sh", "revision_history": [{"15": "c8a60dc2040085f136edc210d09f7a77b3a6f937"}]}