{"is_source_file": false, "format": "", "description": "", "external_files": [], "external_methods": [], "published": [], "classes": [], "methods": [], "calls": [], "search-terms": [], "state": 2, "file_id": 6, "knowledge_revision": 12, "git_revision": "c8a60dc2040085f136edc210d09f7a77b3a6f937", "hash": "0c9f36dfd1a6dee9fa952c06ab7d9563", "format-version": 4, "code-base-name": "task_scheduler_database", "filename": "task_scheduler_database/db_visualizer/package.json", "revision_history": [{"12": "c8a60dc2040085f136edc210d09f7a77b3a6f937"}]}