{"is_source_file": true, "format": "HTML", "description": "This is an HTML source file that defines the structure, style, and client-side interactivity for a web-based database viewer application, including elements for database selection, table display, and data visualization.", "external_files": ["fetch API"], "external_methods": ["fetch"], "published": [], "classes": [], "methods": [{"name": "loadDatabases", "description": "Fetches the list of databases and updates the sidebar UI."}, {"name": "refreshDatabases", "description": "Refreshes the database list by re-fetching data from the server."}, {"name": "toggleDatabase", "description": "Expands or collapses a database to show/hide its tables."}, {"name": "loadTables", "description": "Fetches tables for a selected database and displays them."}, {"name": "loadTableData", "description": "Loads data for a selected table and displays it in a formatted table."}, {"name": "renderTable", "description": "Generates HTML for a data table given an array of data objects."}, {"name": "renderCell", "description": "Creates HTML for a table cell, handling different data types, including objects and long text."}, {"name": "expandCell", "description": "Expands or collapses a cell to show full content or truncate."}], "calls": ["fetch", "setActiveState", "showLoading", "showError", "showEmptyState"], "search-terms": ["HTML database viewer", "client-side database UI", "JavaScript fetch for database", "dynamic table rendering", "expand/collapse cell", "database sidebar", "AJAX database fetch"], "state": 2, "file_id": 4, "knowledge_revision": 16, "git_revision": "c8a60dc2040085f136edc210d09f7a77b3a6f937", "hash": "ee63333a4841bf025439c755a74c9881", "format-version": 4, "code-base-name": "task_scheduler_database", "filename": "task_scheduler_database/db_visualizer/public/index.html", "revision_history": [{"16": "c8a60dc2040085f136edc210d09f7a77b3a6f937"}]}