{"is_source_file": true, "format": "bash", "description": "This is a shell script designed to restore a database from backup files. It detects the backup type and attempts to restore using SQLite, PostgreSQL, MySQL, or MongoDB, depending on which backup files are present.", "external_files": ["database_backup.db", "database_backup.sql", "database_backup.archive"], "external_methods": ["ls", "cp", "sudo", "mysqladmin", "mysql", "mongosh", "mongorestore", "echo"], "published": [], "classes": [], "methods": [], "calls": ["ls", "cp", "sudo", "mysqladmin", "mysql", "mongosh", "mongorestore", "echo", "exit"], "search-terms": ["restore_db.sh", "database backup detection", "database restore", "SQLite restore", "PostgreSQL restore", "MySQL restore", "MongoDB restore", "backup detection", "shell script restore"], "state": 2, "file_id": 1, "knowledge_revision": 11, "git_revision": "c8a60dc2040085f136edc210d09f7a77b3a6f937", "hash": "67505395c0df4c9c001ab8f47571f3fb", "format-version": 4, "code-base-name": "task_scheduler_database", "filename": "task_scheduler_database/restore_db.sh", "revision_history": [{"11": "c8a60dc2040085f136edc210d09f7a77b3a6f937"}]}