{"is_source_file": true, "format": "bash", "description": "This is a shell script for automatically detecting and backing up different types of databases (SQLite, PostgreSQL, MySQL, MongoDB). It checks if each database is running and performs the corresponding backup command, saving the backups to files.", "external_files": ["/usr/lib/postgresql/", "/var/run/mysqld/mysqld.sock"], "external_methods": ["ls", "cp", "sudo -u postgres pg_isready", "ls", "mongosh", "mysqladmin ping", "mysql", "mysqldump", "sudo mysql"], "published": [], "classes": [], "methods": [], "calls": ["ls", "cp", "sudo -u postgres pg_isready", "mongosh --port ${DB_PORT} --eval \"db.adminCommand('ping')\"", "mysqladmin ping -h localhost -P ${DB_PORT} --silent", "mysqladmin ping --socket=/var/run/mysqld/mysqld.sock --silent", "mysql -h localhost -P ${DB_PORT} -u ${DB_USER} -p${DB_PASSWORD}", "mysqldump -h localhost -P ${DB_PORT} -u ${DB_USER} -p${DB_PASSWORD}", "sudo mysql --socket=/var/run/mysqld/mysqld.sock -u root -p${DB_PASSWORD}", "sudo mysqldump --socket=/var/run/mysqld/mysqld.sock -u root -p${DB_PASSWORD}", "sudo mysql --socket=/var/run/mysqld/mysqld.sock -u root", "sudo mysqldump --socket=/var/run/mysqld/mysqld.sock -u root", "mongodump --port ${DB_PORT} --db ${DB_NAME} --archive=database_backup.archive --quiet"], "search-terms": ["backup_db.sh", "database backup script", "SQLite", "PostgreSQL", "MySQL", "MongoDB", "database backup", "shell script"], "state": 2, "file_id": 3, "knowledge_revision": 14, "git_revision": "c8a60dc2040085f136edc210d09f7a77b3a6f937", "hash": "7af9aa35fa4940f934d83f6e2621b732", "format-version": 4, "code-base-name": "task_scheduler_database", "filename": "task_scheduler_database/backup_db.sh", "revision_history": [{"14": "c8a60dc2040085f136edc210d09f7a77b3a6f937"}]}