{"is_source_file": false, "format": "", "description": "", "external_files": [], "external_methods": [], "published": [], "classes": [], "methods": [], "calls": [], "search-terms": [], "state": 2, "file_id": 2, "knowledge_revision": 10, "git_revision": "301511e92d9f0110d359e09e4e253c911f75aef9", "hash": "adee6ee00ffc3ec534bceaefc26918a5", "format-version": 4, "code-base-name": "task_scheduler_database", "filename": "task_scheduler_database/SCHEMA.md", "revision_history": [{"10": "301511e92d9f0110d359e09e4e253c911f75aef9"}]}